{
  "-L-967fQCEqC_ZaSH9mD" : [ 34.063056, -118.447778 ],
  "-L-96AfaYYnhsaSyZycD" : [ 34.071864, -118.442188 ],
  "-L-96CyJqAzG2WKmqdqp" : [ 34.070029, -118.450036 ],
  "-L-96FF5Ijd3P-xLTOR8" : [ 34.061292, -118.447139 ],
  "-L-96HnM-JkM67ySd60T" : [ 34.062759, -118.443877 ],
  "-L-96KQtEQSv6Ae-3Orp" : [ 33.941589, -118.408498 ],
  "-L-96N0QbWgUajZeDs3i" : [ 34.198608, -118.357434 ],
  "-L-96Q0GxbQXC6B89yQ3" : [ 33.676119, -117.86739 ],
  "-L-jVwElyiP-5aF70gfe" : [ 34.059737, -118.295222 ],
  "-L-jVwZc55Vx8K_fLQRC" : [ 34.057693, -118.295833 ],
  "-L-jVxCKUeNVwVbcvZsu" : [ 34.06219, -118.292647 ],
  "-L-jVxVIR0w6mkwVR1un" : [ 34.062612, -118.297663 ],
  "-L-jVxkmJ7btu1Zmpji8" : [ 34.061715, -118.308917 ],
  "-L-jVxzA383BLHCuX4lW" : [ 34.054319, -118.320011 ],
  "-L-jWMjf-LAXz0z2VH2I" : [ 33.989337, -118.394077 ],
  "-L-jWMwUTUxLpN38q9Wf" : [ 33.999282, -118.393449 ],
  "-L-jWNRB4p3qS07fED2J" : [ 33.985405, -118.395016 ],
  "-L-jWN_by8URSdHxzGzA" : [ 33.990191, -118.382195 ],
  "-L-jWNm5hArYjc4L76sN" : [ 33.977158, -118.423823 ],
  "-L-jWNycLGY9-SI3SeEI" : [ 34.003062, -118.469527 ],
  "-L-jW_JTnSBgdkEokDfJ" : [ 34.052713, -118.376377 ],
  "-L-jW_jYxhRqDsDSxSFQ" : [ 34.055095, -118.383565 ],
  "-L-jW_uel4vy0vSv9fNH" : [ 34.063692, -118.376409 ],
  "-L-jWa6lFIA8VkqhEOn3" : [ 34.054564, -118.375894 ],
  "-L-jWaIsaoIFb25IJoYw" : [ 34.039184, -118.375272 ],
  "-L-jWaUVEnj9E2abnB5-" : [ 34.055452, -118.386709 ],
  "-L-jWmNJB2I6H8GN7JFl" : [ 34.185734, -118.34959 ],
  "-L-jWmYw4kaaD4OHKVEV" : [ 34.187704, -118.361542 ],
  "-L-jWmimW5RqWOyxCGxk" : [ 34.187633, -118.345192 ],
  "-L-jWmtsR1aNGjtKUZcE" : [ 34.181172, -118.351436 ],
  "-L-jWn5LlZRK5w_7pVi1" : [ 34.188894, -118.370855 ],
  "-L-jWnI9I34T2Om5rGY-" : [ 34.200075, -118.382785 ],
  "-L-mBB2xeMhtle6KPQ4J" : [ 34.098809, -118.348447 ],
  "-L-mBBO9BpJ3setmOeNe" : [ 34.104965, -118.34194 ],
  "-L-mBBbqfCF2ANAw-IDL" : [ 34.098711, -118.351832 ],
  "-L-rJO37wbaRHWNAo53V" : [ 34.183671, -118.354268 ],
  "-L-x9m_kBLX96Cn4hsem" : [ 34.02273, -118.375177 ],
  "-L-xAQzrzf7a2G8tDiti" : [ 34.025482, -118.372709 ],
  "-L-z0aS6TCfjMBMLEkL0" : [ 34.23647, -118.473706 ],
  "-L01-pjAf_XKEvOlFLzI" : [ 34.101754, -118.344452 ],
  "-L08UdOXzMF2oF0HadEp" : [ 34.053943, -118.377018 ]
}
