{
  "-L-967fQCEqC_ZaSH9mD": [34.063056, -118.447778],
  "-L-96AfaYYnhsaSyZycD": [34.071864, -118.442188],
  "-L-96CyJqAzG2WKmqdqp": [34.070029, -118.450036],
  "-L-96FF5Ijd3P-xLTOR8": [34.061292, -118.447139],
  "-L-96HnM-JkM67ySd60T": [34.062759, -118.443877],
  "-L-96KQtEQSv6Ae-3Orp": [33.941589, -118.408498],
  "-L-96N0QbWgUajZeDs3i": [34.198608, -118.357434],
  "-L-96Q0GxbQXC6B89yQ3": [33.676119, -117.867390]
}
